torusrb30.off, Mean Triangle Area 0.0503395
0, 1142
0.224365, 1141
0.448729, 1129
0.673094, 1312
0.897459, 1225
1.12182, 1265
1.34619, 1377
1.57055, 1405
1.79492, 1476
2.01928, 1557
2.24365, 1588
2.46801, 1641
2.69238, 1766
2.91674, 1756
3.14111, 1875
3.36547, 1854
3.58983, 1934
3.8142, 2027
4.03856, 2088
4.26293, 2078
