torusrb12.off, Mean Triangle Area 0.00928168
0, 7356
0.0963415, 7666
0.192683, 8000
0.289024, 8393
0.385366, 8558
0.481707, 8685
0.578049, 9016
0.67439, 9518
0.770732, 9539
0.867073, 9727
0.963415, 10556
1.05976, 10492
1.1561, 10879
1.25244, 11028
1.34878, 11416
1.44512, 11514
1.54146, 11922
1.6378, 12125
1.73415, 12466
1.83049, 12673
