torusrb25.off, Mean Triangle Area 0.0383892
0, 1497
0.195932, 1537
0.391863, 1651
0.587795, 1726
0.783726, 1881
0.979658, 1922
1.17559, 2126
1.37152, 2325
1.56745, 2372
1.76338, 2585
1.95932, 2620
2.15525, 2683
2.35118, 2932
2.54711, 2942
2.74304, 3097
2.93897, 3249
3.1349, 3348
3.33084, 3339
3.52677, 3613
3.7227, 3587
