torusrb15.off, Mean Triangle Area 0.0146936
0, 4376
0.121217, 4462
0.242435, 4764
0.363652, 4924
0.484869, 5145
0.606087, 5628
0.727304, 5487
0.848521, 5866
0.969739, 6037
1.09096, 6078
1.21217, 6575
1.33339, 6421
1.45461, 6581
1.57583, 6759
1.69704, 7116
1.81826, 7288
1.93948, 7155
2.06069, 7449
2.18191, 7441
2.30313, 7751
