torusrb18.off, Mean Triangle Area 0.0197283
0, 3193
0.140458, 3185
0.280915, 3566
0.421373, 3684
0.561831, 3999
0.702288, 4575
0.842746, 4417
0.983203, 4837
1.12366, 5140
1.26412, 5258
1.40458, 5441
1.54503, 5855
1.68549, 5977
1.82595, 6482
1.96641, 6689
2.10686, 6879
2.24732, 7125
2.38778, 7370
2.52824, 7654
2.66869, 7882
