torusrb20.off, Mean Triangle Area 0.026378
0, 2259
0.162413, 2411
0.324826, 2516
0.487239, 2586
0.649652, 2646
0.812065, 2855
0.974477, 2953
1.13689, 3135
1.2993, 3054
1.46172, 3127
1.62413, 3192
1.78654, 3184
1.94895, 3430
2.11137, 3380
2.27378, 3448
2.43619, 3510
2.59861, 3705
2.76102, 3801
2.92343, 3787
3.08585, 3927
