torusrb10.off, Mean Triangle Area 0.00636965
0, 11497
0.0798101, 12292
0.15962, 13122
0.23943, 12963
0.31924, 13203
0.39905, 13606
0.478861, 14173
0.558671, 14386
0.638481, 14884
0.718291, 15361
0.798101, 15696
0.877911, 16193
0.957721, 16494
1.03753, 16993
1.11734, 17247
1.19715, 17792
1.27696, 17804
1.35677, 18247
1.43658, 18553
1.51639, 18844
