torusrb08.off, Mean Triangle Area 0.00409796
0, 19454
0.0640153, 20591
0.128031, 21310
0.192046, 21611
0.256061, 22417
0.320077, 22989
0.384092, 23317
0.448107, 24206
0.512123, 24658
0.576138, 25112
0.640153, 25900
0.704169, 26306
0.768184, 26523
0.832199, 27483
0.896215, 27728
0.96023, 29071
1.02425, 29056
1.08826, 29915
1.15228, 30495
1.21629, 30981
